Timestamp (ET),Name,Live Popularity,Rating
2026-01-23 06:00:37,District Pizza Palace,0,4.7
2026-01-23 06:07:35,District Pizza Palace,0,4.7
2026-01-23 06:07:59,Domino's Pizza,0,2.5
2026-01-23 06:08:20,Papa Johns Pizza,0,3.7
2026-01-23 06:08:37,Wiseguy Pizza,0,4.8
2026-01-23 06:08:49,We,0,4.2
2026-01-23 06:39:23,District Pizza Palace,0,4.7
2026-01-23 06:39:37,Domino's Pizza,0,2.5
2026-01-23 06:39:48,Papa Johns Pizza,0,3.7
2026-01-23 06:40:02,Wiseguy Pizza,0,4.8
2026-01-23 06:40:20,We,0,4.2
2026-01-23 10:08:58,District Pizza Palace,0,4.7
2026-01-23 10:09:17,Domino's Pizza,100,2.5
2026-01-23 10:09:32,Papa Johns Pizza,0,3.7
2026-01-23 10:09:46,Wiseguy Pizza,0,4.8
2026-01-23 10:10:01,We,0,4.2
2026-01-23 13:18:13,District Pizza Palace,0,4.7
2026-01-23 13:18:32,Domino's Pizza,47,2.5
2026-01-23 13:18:47,Papa Johns Pizza,0,3.7
2026-01-23 13:19:00,Wiseguy Pizza,67,4.8
2026-01-23 13:19:15,We,0,4.2
2026-01-23 19:08:30,District Pizza Palace,0,4.7
2026-01-23 19:08:41,Domino's Pizza,0,2.5
2026-01-23 19:08:58,Papa Johns Pizza,100,3.7
2026-01-23 19:09:10,Wiseguy Pizza,100,4.8
2026-01-23 19:09:27,We,0,4.2
2026-01-23 20:07:45,District Pizza Palace,100,4.7
2026-01-23 20:08:02,Domino's Pizza,100,2.5
2026-01-23 20:08:19,Papa Johns Pizza,100,3.7
2026-01-23 20:08:30,Wiseguy Pizza,72,4.8
2026-01-23 20:08:49,We,0,4.2
2026-01-23 23:06:36,District Pizza Palace,9,4.7
2026-01-23 23:06:54,Domino's Pizza,44,2.5
2026-01-23 23:07:13,Papa Johns Pizza,37,3.7
2026-01-23 23:07:29,Wiseguy Pizza,100,4.8
2026-01-23 23:07:48,We,0,4.2
2026-01-23 23:13:10,District Pizza Palace,9,4.7
2026-01-23 23:13:28,Domino's Pizza,44,2.5
2026-01-23 23:13:40,Papa Johns Pizza,3,3.7
2026-01-23 23:14:00,Wiseguy Pizza,100,4.8
2026-01-23 23:14:20,We,0,4.2
2026-01-23 23:22:23,District Pizza Palace,9,4.7
2026-01-23 23:22:39,Domino's Pizza,44,2.5
2026-01-23 23:22:57,Papa Johns Pizza,3,3.7
2026-01-23 23:23:15,Wiseguy Pizza,0,4.8
2026-01-23 23:23:29,We,0,4.2
2026-01-24 00:22:56,District Pizza Palace,0,4.7
2026-01-24 00:23:06,Domino's Pizza,2,2.5
2026-01-24 00:23:22,Papa Johns Pizza,0,3.7
2026-01-24 00:23:39,Wiseguy Pizza,0,4.8
2026-01-24 00:23:58,We,0,4.2
2026-01-24 02:55:10,District Pizza Palace,0,4.7
2026-01-24 02:55:25,Domino's Pizza,0,2.5
2026-01-24 02:55:36,Papa Johns Pizza,0,3.7
2026-01-24 02:55:47,Wiseguy Pizza,0,4.8
2026-01-24 02:56:05,We,0,4.2
2026-01-24 03:02:25,District Pizza Palace,0,4.7
2026-01-24 03:02:45,Domino's Pizza,0,2.5
2026-01-24 03:03:02,Papa Johns Pizza,0,3.7
2026-01-24 03:03:12,Wiseguy Pizza,0,4.8
2026-01-24 03:03:30,We,0,4.2
2026-01-24 06:16:53,District Pizza Palace,0,4.7
2026-01-24 06:17:12,Domino's Pizza,0,2.5
2026-01-24 06:17:23,Papa Johns Pizza,0,3.7
2026-01-24 06:17:35,Wiseguy Pizza,0,4.8
2026-01-24 06:17:45,We,0,4.2
2026-01-24 06:55:47,District,0,4.7
2026-01-24 06:55:47,Dominos,0,2.5
2026-01-24 06:55:47,Papa,0,3.7
2026-01-24 06:55:47,Wiseguy,0,4.8
2026-01-24 06:55:47,WePizza,0,4.2
2026-01-24 07:11:14,District,0,4.7,0,0
2026-01-24 07:11:14,Dominos,0,2.5,0,0
2026-01-24 07:11:14,Papa,0,3.7,0,0
2026-01-24 07:11:14,Wiseguy,0,4.8,0,0
2026-01-24 07:11:14,WePizza,0,4.2,0,0
2026-01-24 07:19:12,District,0,4.7,0,0
2026-01-24 07:19:12,Dominos,0,2.5,0,0
2026-01-24 07:19:12,Papa,0,3.7,0,0
2026-01-24 07:19:12,Wiseguy,0,4.8,0,0
2026-01-24 07:19:12,WePizza,0,4.2,0,0
2026-01-24 07:34:07,District,0,4.7,0,0
2026-01-24 07:34:07,Dominos,0,2.5,0,0
2026-01-24 07:34:07,Papa,0,3.7,0,0
2026-01-24 07:34:07,Wiseguy,0,4.8,0,0
2026-01-24 07:34:07,WePizza,0,4.2,0,0
2026-01-24 08:26:23,District,0,4.7,0,0
2026-01-24 08:26:23,Dominos,0,2.5,0,0
2026-01-24 08:26:23,Papa,0,3.7,0,0
2026-01-24 08:26:23,Wiseguy,0,4.8,0,0
2026-01-24 08:26:23,WePizza,0,4.2,0,0
2026-01-24 10:08:46,District,0,4.7,0,0
2026-01-24 10:08:46,Dominos,38,2.5,61,-23
2026-01-24 10:08:46,Papa,0,3.7,31,-31
2026-01-24 10:08:46,Wiseguy,0,4.8,0,0
2026-01-24 10:08:46,WePizza,0,4.2,0,0
2026-01-24 11:00:29,District,0,4.7,36,-36
2026-01-24 11:00:29,Dominos,34,2.5,79,-45
2026-01-24 11:00:29,Papa,0,3.7,36,-36
2026-01-24 11:00:29,Wiseguy,31,4.8,39,-8
2026-01-24 11:00:29,WePizza,0,4.2,42,-42
2026-01-24 12:00:26,District,0,4.7,27,-27
2026-01-24 12:00:26,Dominos,0,2.5,70,-70
2026-01-24 12:00:26,Papa,0,3.7,34,-34
2026-01-24 12:00:26,Wiseguy,34,4.8,47,-13
2026-01-24 12:00:26,WePizza,0,4.2,51,-51
2026-01-24 13:00:25,District,9,4.7,45,-36
2026-01-24 13:00:25,Dominos,1,2.5,72,-71
2026-01-24 13:00:25,Papa,4,3.7,42,-38
2026-01-24 13:00:25,Wiseguy,27,4.8,56,-29
2026-01-24 13:00:25,WePizza,0,4.2,53,-53
2026-01-24 14:00:26,District,2,4.7,50,-48
2026-01-24 14:00:26,Dominos,0,2.5,54,-54
2026-01-24 14:00:26,Papa,100,3.7,44,56
2026-01-24 14:00:26,Wiseguy,0,4.8,56,-56
2026-01-24 14:00:26,WePizza,0,4.2,58,-58
2026-01-24 15:00:26,District,5,4.7,59,-54
2026-01-24 15:00:26,Dominos,3,2.5,61,-58
2026-01-24 15:00:26,Papa,67,3.7,65,2
2026-01-24 15:00:26,Wiseguy,0,4.8,56,-56
2026-01-24 15:00:26,WePizza,0,4.2,53,-53
2026-01-24 16:00:24,District,0,4.7,54,-54
2026-01-24 16:00:24,Dominos,67,2.5,47,20
2026-01-24 16:00:24,Papa,100,3.7,81,19
2026-01-24 16:00:24,Wiseguy,0,4.8,56,-56
2026-01-24 16:00:24,WePizza,0,4.2,60,-60
2026-01-24 17:00:27,District,31,4.7,50,-19
2026-01-24 17:00:27,Dominos,0,2.5,36,-36
2026-01-24 17:00:27,Papa,20,3.7,100,-80
2026-01-24 17:00:27,Wiseguy,1,4.8,58,-57
2026-01-24 17:00:27,WePizza,0,4.2,69,-69
2026-01-24 17:16:23,District,31,4.7,50,-19
2026-01-24 17:16:23,Dominos,100,2.5,36,64
2026-01-24 17:16:23,Papa,100,3.7,100,0
2026-01-24 17:16:23,Wiseguy,1,4.8,58,-57
2026-01-24 17:16:23,WePizza,0,4.2,69,-69
2026-01-24 18:00:23,District,100,4.7,45,55
2026-01-24 18:00:23,Dominos,100,2.5,27,73
2026-01-24 18:00:23,Papa,0,3.7,97,-97
2026-01-24 18:00:23,Wiseguy,26,4.8,60,-34
2026-01-24 18:00:23,WePizza,0,4.2,75,-75
2026-01-24 19:00:23,District,7,4.7,59,-52
2026-01-24 19:00:23,Dominos,3,2.5,34,-31
2026-01-24 19:00:23,Papa,0,3.7,81,-81
2026-01-24 19:00:23,Wiseguy,1,4.8,62,-61
2026-01-24 19:00:23,WePizza,0,4.2,67,-67
2026-01-24 20:00:24,District,41,4.7,72,-31
2026-01-24 20:00:24,Dominos,2,2.5,38,-36
2026-01-24 20:00:24,Papa,0,3.7,57,-57
2026-01-24 20:00:24,Wiseguy,82,4.8,54,28
2026-01-24 20:00:24,WePizza,0,4.2,69,-69
2026-01-24 21:00:26,District,69,4.7,72,-3
2026-01-24 21:00:26,Dominos,9,2.5,56,-47
2026-01-24 21:00:26,Papa,0,3.7,36,-36
2026-01-24 21:00:26,Wiseguy,100,4.8,52,48
2026-01-24 21:00:26,WePizza,0,4.2,57,-57
2026-01-24 22:00:26,District,0,4.7,63,-63
2026-01-24 22:00:26,Dominos,100,2.5,47,53
2026-01-24 22:00:26,Papa,22,3.7,23,-1
2026-01-24 22:00:26,Wiseguy,5,4.8,50,-45
2026-01-24 22:00:26,WePizza,0,4.2,0,0
2026-01-24 23:00:23,District,100,4.7,59,41
2026-01-24 23:00:23,Dominos,0,2.5,47,-47
2026-01-24 23:00:23,Papa,0,3.7,15,-15
2026-01-24 23:00:23,Wiseguy,40,4.8,47,-7
2026-01-24 23:00:23,WePizza,0,4.2,0,0
2026-01-24 23:39:37,District,100,4.7,59,41
2026-01-24 23:39:37,Dominos,0,2.5,47,-47
2026-01-24 23:39:37,Papa,0,3.7,15,-15
2026-01-24 23:39:37,Wiseguy,48,4.8,47,1
2026-01-24 23:39:37,WePizza,0,4.2,0,0
2026-01-25 00:00:16,District,100,4.7,50,50
2026-01-25 00:00:16,Dominos,0,2.5,43,-43
2026-01-25 00:00:16,Papa,100,3.7,10,90
2026-01-25 00:00:16,Wiseguy,0,4.8,0,0
2026-01-25 00:00:16,WePizza,0,4.2,0,0
2026-01-25 01:00:15,District,0,4.7,0,0
2026-01-25 01:00:15,Dominos,0,2.5,0,0
2026-01-25 01:00:15,Papa,0,3.7,0,0
2026-01-25 01:00:15,Wiseguy,0,4.8,0,0
2026-01-25 01:00:15,WePizza,0,4.2,0,0
2026-01-25 02:00:15,District,0,4.7,0,0
2026-01-25 02:00:15,Dominos,0,2.5,0,0
2026-01-25 02:00:15,Papa,0,3.7,0,0
2026-01-25 02:00:15,Wiseguy,0,4.8,0,0
2026-01-25 02:00:15,WePizza,0,4.2,0,0
2026-01-25 03:00:18,District,0,4.7,0,0
2026-01-25 03:00:18,Dominos,0,2.5,0,0
2026-01-25 03:00:18,Papa,0,3.7,0,0
2026-01-25 03:00:18,Wiseguy,0,4.8,0,0
2026-01-25 03:00:18,WePizza,0,4.2,0,0
2026-01-25 04:00:17,District,0,4.7,0,0
2026-01-25 04:00:17,Dominos,0,2.5,0,0
2026-01-25 04:00:17,Papa,0,3.7,0,0
2026-01-25 04:00:17,Wiseguy,0,4.8,0,0
2026-01-25 04:00:17,WePizza,0,4.2,0,0
2026-01-25 05:00:17,District,0,4.7,0,0
2026-01-25 05:00:17,Dominos,0,2.5,0,0
2026-01-25 05:00:17,Papa,0,3.7,0,0
2026-01-25 05:00:17,Wiseguy,0,4.8,0,0
2026-01-25 05:00:17,WePizza,0,4.2,0,0
2026-01-25 06:00:18,District,0,4.7,0,0
2026-01-25 06:00:18,Dominos,0,2.5,0,0
2026-01-25 06:00:18,Papa,0,3.7,0,0
2026-01-25 06:00:18,Wiseguy,0,4.8,0,0
2026-01-25 06:00:18,WePizza,0,4.2,0,0
2026-01-25 07:00:14,District,0,4.7,0,0
2026-01-25 07:00:14,Dominos,0,2.5,0,0
2026-01-25 07:00:14,Papa,0,3.7,0,0
2026-01-25 07:00:14,Wiseguy,0,4.8,0,0
2026-01-25 07:00:14,WePizza,0,4.2,0,0
2026-01-25 08:00:16,District,0,4.7,0,0
2026-01-25 08:00:16,Dominos,0,2.5,0,0
2026-01-25 08:00:16,Papa,0,3.7,0,0
2026-01-25 08:00:16,Wiseguy,0,4.8,0,0
2026-01-25 08:00:16,WePizza,0,4.2,0,0
2026-01-25 09:00:17,District,0,4.7,0,0
2026-01-25 09:00:17,Dominos,0,2.5,0,0
2026-01-25 09:00:17,Papa,0,3.7,0,0
2026-01-25 09:00:17,Wiseguy,0,4.8,0,0
2026-01-25 09:00:17,WePizza,0,4.2,0,0
2026-01-25 10:00:16,District,0,4.7,0,0
2026-01-25 10:00:16,Dominos,0,2.5,61,-61
2026-01-25 10:00:16,Papa,13,3.7,26,-13
2026-01-25 10:00:16,Wiseguy,0,4.8,0,0
2026-01-25 10:00:16,WePizza,0,4.2,0,0
2026-01-25 11:00:15,District,100,4.7,54,46
2026-01-25 11:00:15,Dominos,0,2.5,52,-52
2026-01-25 11:00:15,Papa,1,3.7,28,-27
2026-01-25 11:00:15,Wiseguy,0,4.8,31,-31
2026-01-25 11:00:15,WePizza,0,4.2,42,-42
2026-01-25 12:00:19,District,0,4.7,45,-45
2026-01-25 12:00:19,Dominos,0,2.5,59,-59
2026-01-25 12:00:19,Papa,0,3.7,36,-36
2026-01-25 12:00:19,Wiseguy,4,4.8,39,-35
2026-01-25 12:00:19,WePizza,0,4.2,60,-60
2026-01-25 13:00:17,District,0,4.7,40,-40
2026-01-25 13:00:17,Dominos,100,2.5,70,30
2026-01-25 13:00:17,Papa,0,3.7,44,-44
2026-01-25 13:00:17,Wiseguy,3,4.8,45,-42
2026-01-25 13:00:17,WePizza,0,4.2,69,-69
2026-01-25 14:00:12,District,0,4.7,40,-40
2026-01-25 14:00:12,Dominos,74,2.5,70,4
2026-01-25 14:00:12,Papa,0,3.7,50,-50
2026-01-25 14:00:12,Wiseguy,52,4.8,0,52
2026-01-25 14:00:12,WePizza,0,4.2,64,-64
2026-01-25 15:00:15,District,7,4.7,54,-47
2026-01-25 15:00:15,Dominos,0,2.5,61,-61
2026-01-25 15:00:15,Papa,3,3.7,55,-52
2026-01-25 15:00:15,Wiseguy,15,4.8,0,15
2026-01-25 15:00:15,WePizza,0,4.2,60,-60
2026-01-25 16:00:15,District,0,4.7,95,-95
2026-01-25 16:00:15,Dominos,62,2.5,65,-3
2026-01-25 16:00:15,Papa,25,3.7,55,-30
2026-01-25 16:00:15,Wiseguy,0,4.8,0,0
2026-01-25 16:00:15,WePizza,0,4.2,50,-50
2026-01-25 17:00:19,District,0,4.7,77,-77
2026-01-25 17:00:19,Dominos,1,2.5,68,-67
2026-01-25 17:00:19,Papa,1,3.7,57,-56
2026-01-25 17:00:19,Wiseguy,26,4.8,0,26
2026-01-25 17:00:19,WePizza,0,4.2,46,-46
2026-01-25 19:00:14,District,0,4.7,77,-77
2026-01-25 19:00:14,Dominos,0,2.5,63,-63
2026-01-25 19:00:14,Papa,0,3.7,42,-42
2026-01-25 19:00:14,Wiseguy,39,4.8,0,39
2026-01-25 19:00:14,WePizza,0,4.2,50,-50
2026-01-25 20:00:15,District,100,4.7,68,32
2026-01-25 20:00:15,Dominos,0,2.5,61,-61
2026-01-25 20:00:15,Papa,0,3.7,31,-31
2026-01-25 20:00:15,Wiseguy,3,4.8,0,3
2026-01-25 20:00:15,WePizza,0,4.2,55,-55
2026-01-25 21:00:18,District,0,4.7,40,-40
2026-01-25 21:00:18,Dominos,0,2.5,65,-65
2026-01-25 21:00:18,Papa,0,3.7,21,-21
2026-01-25 21:00:18,Wiseguy,0,4.8,0,0
2026-01-25 21:00:18,WePizza,0,4.2,0,0
2026-01-25 22:00:17,District,22,4.7,27,-5
2026-01-25 22:00:17,Dominos,0,2.5,75,-75
2026-01-25 22:00:17,Papa,0,3.7,13,-13
2026-01-25 22:00:17,Wiseguy,0,4.8,0,0
2026-01-25 22:00:17,WePizza,0,4.2,0,0
2026-01-25 23:00:16,District,2,4.7,31,-29
2026-01-25 23:00:16,Dominos,0,2.5,75,-75
2026-01-25 23:00:16,Papa,0,3.7,7,-7
2026-01-25 23:00:16,Wiseguy,0,4.8,0,0
2026-01-25 23:00:16,WePizza,0,4.2,0,0
2026-01-26 00:00:16,District,0,4.7,0,0
2026-01-26 00:00:16,Dominos,0,2.5,0,0
2026-01-26 00:00:16,Papa,0,3.7,0,0
2026-01-26 00:00:16,Wiseguy,0,4.8,0,0
2026-01-26 00:00:16,WePizza,0,4.2,0,0
2026-01-26 01:00:19,District,0,4.7,0,0
2026-01-26 01:00:19,Dominos,0,2.5,0,0
2026-01-26 01:00:19,Papa,0,3.7,0,0
2026-01-26 01:00:19,Wiseguy,0,4.8,0,0
2026-01-26 01:00:19,WePizza,0,4.2,0,0
2026-01-26 02:00:15,District,0,4.7,0,0
2026-01-26 02:00:15,Dominos,0,2.5,0,0
2026-01-26 02:00:15,Papa,0,3.7,0,0
2026-01-26 02:00:15,Wiseguy,0,4.8,0,0
2026-01-26 02:00:15,WePizza,0,4.2,0,0
2026-01-26 03:00:16,District,0,4.7,0,0
2026-01-26 03:00:16,Dominos,0,2.5,0,0
2026-01-26 03:00:16,Papa,0,3.7,0,0
2026-01-26 03:00:16,Wiseguy,0,4.8,0,0
2026-01-26 03:00:16,WePizza,0,4.2,0,0
2026-01-26 04:00:18,District,0,4.7,0,0
2026-01-26 04:00:18,Dominos,0,2.5,0,0
2026-01-26 04:00:18,Papa,0,3.7,0,0
2026-01-26 04:00:18,Wiseguy,0,4.8,0,0
2026-01-26 04:00:18,WePizza,0,4.2,0,0
2026-01-26 05:00:16,District,0,4.7,0,0
2026-01-26 05:00:16,Dominos,0,2.5,0,0
2026-01-26 05:00:16,Papa,0,3.7,0,0
2026-01-26 05:00:16,Wiseguy,0,4.8,0,0
2026-01-26 05:00:16,WePizza,0,4.2,0,0
2026-01-26 06:00:17,District,0,4.7,0,0
2026-01-26 06:00:17,Dominos,0,2.5,0,0
2026-01-26 06:00:17,Papa,0,3.7,0,0
2026-01-26 06:00:17,Wiseguy,0,4.8,0,0
2026-01-26 06:00:17,WePizza,0,4.2,0,0
2026-01-26 07:00:20,District,0,4.7,0,0
2026-01-26 07:00:20,Dominos,0,2.5,0,0
2026-01-26 07:00:20,Papa,0,3.7,0,0
2026-01-26 07:00:20,Wiseguy,0,4.8,0,0
2026-01-26 07:00:20,WePizza,0,4.2,0,0
2026-01-26 08:00:15,District,0,4.7,0,0
2026-01-26 08:00:15,Dominos,0,2.5,0,0
2026-01-26 08:00:15,Papa,0,3.7,0,0
2026-01-26 08:00:15,Wiseguy,0,4.8,0,0
2026-01-26 08:00:15,WePizza,0,4.2,0,0
2026-01-26 09:00:18,District,0,4.7,0,0
2026-01-26 09:00:18,Dominos,0,2.5,0,0
2026-01-26 09:00:18,Papa,0,3.7,0,0
2026-01-26 09:00:18,Wiseguy,0,4.8,0,0
2026-01-26 09:00:18,WePizza,0,4.2,0,0
2026-01-26 10:00:15,District,0,4.7,0,0
2026-01-26 10:00:15,Dominos,0,2.5,63,-63
2026-01-26 10:00:15,Papa,0,3.7,23,-23
2026-01-26 10:00:15,Wiseguy,0,4.8,0,0
2026-01-26 10:00:15,WePizza,0,4.2,35,-35
2026-01-26 11:00:20,District,0,4.7,54,-54
2026-01-26 11:00:20,Dominos,0,2.5,59,-59
2026-01-26 11:00:20,Papa,0,3.7,34,-34
2026-01-26 11:00:20,Wiseguy,0,4.8,45,-45
2026-01-26 11:00:20,WePizza,0,4.2,48,-48
2026-01-26 12:00:19,District,0,4.7,40,-40
2026-01-26 12:00:19,Dominos,100,2.5,63,37
2026-01-26 12:00:19,Papa,0,3.7,42,-42
2026-01-26 12:00:19,Wiseguy,0,4.8,47,-47
2026-01-26 12:00:19,WePizza,0,4.2,58,-58
2026-01-26 13:40:43,District,100,4.7,36,64
2026-01-26 13:40:43,Dominos,0,2.5,54,-54
2026-01-26 13:40:43,Papa,0,3.7,47,-47
2026-01-26 13:40:43,Wiseguy,0,4.8,49,-49
2026-01-26 13:40:43,WePizza,0,4.2,58,-58
2026-01-26 14:26:17,District,100,4.7,45,55
2026-01-26 14:26:17,Dominos,0,2.5,45,-45
2026-01-26 14:26:17,Papa,0,3.7,52,-52
2026-01-26 14:26:17,Wiseguy,0,4.8,23,-23
2026-01-26 14:26:17,WePizza,0,4.2,60,-60
2026-01-26 15:31:04,District,77,4.7,63,14
2026-01-26 15:31:04,Dominos,0,2.5,52,-52
2026-01-26 15:31:04,Papa,30,3.7,47,-17
2026-01-26 15:31:04,Wiseguy,65,4.8,29,36
2026-01-26 15:31:04,WePizza,0,4.2,66,-66
2026-01-26 16:27:31,District,68,4.7,63,5
2026-01-26 16:27:31,Dominos,0,2.5,52,-52
2026-01-26 16:27:31,Papa,38,3.7,57,-19
2026-01-26 16:27:31,Wiseguy,6,4.8,41,-35
2026-01-26 16:27:31,WePizza,0,4.2,71,-71
2026-01-26 17:26:21,District,2,4.7,68,-66
2026-01-26 17:26:21,Dominos,31,2.5,54,-23
2026-01-26 17:26:21,Papa,45,3.7,47,-2
2026-01-26 17:26:21,Wiseguy,20,4.8,80,-60
2026-01-26 17:26:21,WePizza,0,4.2,51,-51
2026-01-26 18:26:21,District,0,4.7,40,-40
2026-01-26 18:26:21,Dominos,100,2.5,56,44
2026-01-26 18:26:21,Papa,0,3.7,47,-47
2026-01-26 18:26:21,Wiseguy,6,4.8,86,-80
2026-01-26 18:26:21,WePizza,0,4.2,44,-44
2026-01-26 21:00:22,District,100,4.7,22,78
2026-01-26 21:00:22,Dominos,0,2.5,70,-70
2026-01-26 21:00:22,Papa,0,3.7,28,-28
2026-01-26 21:00:22,Wiseguy,0,4.8,0,0
2026-01-26 21:00:22,WePizza,0,4.2,42,-42
2026-01-26 21:04:53,District,100,4.7,22,78
2026-01-26 21:04:53,Dominos,100,2.5,70,30
2026-01-26 21:04:53,Papa,0,3.7,28,-28
2026-01-26 21:04:53,Wiseguy,0,4.8,0,0
2026-01-26 21:04:53,WePizza,0,4.2,42,-42
2026-01-26 22:00:17,District,0,4.7,4,-4
2026-01-26 22:00:17,Dominos,100,2.5,70,30
2026-01-26 22:00:17,Papa,0,3.7,26,-26
2026-01-26 22:00:17,Wiseguy,0,4.8,0,0
2026-01-26 22:00:17,WePizza,0,4.2,0,0
2026-01-26 23:00:25,District,0,4.7,9,-9
2026-01-26 23:00:25,Dominos,100,2.5,59,41
2026-01-26 23:00:25,Papa,0,3.7,26,-26
2026-01-26 23:00:25,Wiseguy,0,4.8,0,0
2026-01-26 23:00:25,WePizza,0,4.2,0,0
2026-01-26 23:08:52,District,0,4.7,9,-9
2026-01-26 23:08:52,Dominos,100,2.5,59,41
2026-01-26 23:08:52,Papa,0,3.7,26,-26
2026-01-26 23:08:52,Wiseguy,0,4.8,0,0
2026-01-26 23:08:52,WePizza,0,4.2,0,0
2026-01-27 00:00:14,District,0,4.7,0,0
2026-01-27 00:00:14,Dominos,0,2.5,0,0
2026-01-27 00:00:14,Papa,0,3.7,0,0
2026-01-27 00:00:14,Wiseguy,0,4.8,0,0
2026-01-27 00:00:14,WePizza,0,4.2,0,0
2026-01-27 00:30:24,District,0,4.7,0,0
2026-01-27 00:30:24,Dominos,0,2.5,0,0
2026-01-27 00:30:24,Papa,0,3.7,0,0
2026-01-27 00:30:24,Wiseguy,0,4.8,0,0
2026-01-27 00:30:24,WePizza,0,4.2,0,0
2026-01-27 01:00:18,District,0,4.7,0,0
2026-01-27 01:00:18,Dominos,0,2.5,0,0
2026-01-27 01:00:18,Papa,0,3.7,0,0
2026-01-27 01:00:18,Wiseguy,0,4.8,0,0
2026-01-27 01:00:18,WePizza,0,4.2,0,0
2026-01-27 01:40:28,District,0,4.7,0,0
2026-01-27 01:40:28,Dominos,0,2.5,0,0
2026-01-27 01:40:28,Papa,0,3.7,0,0
2026-01-27 01:40:28,Wiseguy,0,4.8,0,0
2026-01-27 01:40:28,WePizza,0,4.2,0,0
2026-01-27 02:00:14,District,0,4.7,0,0
2026-01-27 02:00:14,Dominos,0,2.5,0,0
2026-01-27 02:00:14,Papa,0,3.7,0,0
2026-01-27 02:00:14,Wiseguy,0,4.8,0,0
2026-01-27 02:00:14,WePizza,0,4.2,0,0
2026-01-27 02:30:38,District,0,4.7,0,0
2026-01-27 02:30:38,Dominos,0,2.5,0,0
2026-01-27 02:30:38,Papa,0,3.7,0,0
2026-01-27 02:30:38,Wiseguy,0,4.8,0,0
2026-01-27 02:30:38,WePizza,0,4.2,0,0
2026-01-27 03:00:19,District,0,4.7,0,0
2026-01-27 03:00:19,Dominos,0,2.5,0,0
2026-01-27 03:00:19,Papa,0,3.7,0,0
2026-01-27 03:00:19,Wiseguy,0,4.8,0,0
2026-01-27 03:00:19,WePizza,0,4.2,0,0
2026-01-27 03:37:17,District,0,4.7,0,0
2026-01-27 03:37:17,Dominos,0,2.5,0,0
2026-01-27 03:37:17,Papa,0,3.7,0,0
2026-01-27 03:37:17,Wiseguy,0,4.8,0,0
2026-01-27 03:37:17,WePizza,0,4.2,0,0
2026-01-27 04:00:19,District,0,4.7,0,0
2026-01-27 04:00:19,Dominos,0,2.5,0,0
2026-01-27 04:00:19,Papa,0,3.7,0,0
2026-01-27 04:00:19,Wiseguy,0,4.8,0,0
2026-01-27 04:00:19,WePizza,0,4.2,0,0
2026-01-27 04:36:40,District,0,4.7,0,0
2026-01-27 04:36:40,Dominos,0,2.5,0,0
2026-01-27 04:36:40,Papa,0,3.7,0,0
2026-01-27 04:36:40,Wiseguy,0,4.8,0,0
2026-01-27 04:36:40,WePizza,0,4.2,0,0
2026-01-27 05:00:19,District,0,4.7,0,0
2026-01-27 05:00:19,Dominos,0,2.5,0,0
2026-01-27 05:00:19,Papa,0,3.7,0,0
2026-01-27 05:00:19,Wiseguy,0,4.8,0,0
2026-01-27 05:00:19,WePizza,0,4.2,0,0
2026-01-27 05:31:53,District,0,4.7,0,0
2026-01-27 05:31:53,Dominos,0,2.5,0,0
2026-01-27 05:31:53,Papa,0,3.7,0,0
2026-01-27 05:31:53,Wiseguy,0,4.8,0,0
2026-01-27 05:31:53,WePizza,0,4.2,0,0
2026-01-27 06:00:17,District,0,4.7,0,0
2026-01-27 06:00:17,Dominos,0,2.5,0,0
2026-01-27 06:00:17,Papa,0,3.7,0,0
2026-01-27 06:00:17,Wiseguy,0,4.8,0,0
2026-01-27 06:00:17,WePizza,0,4.2,0,0
2026-01-27 06:26:06,District,0,4.7,0,0
2026-01-27 06:26:06,Dominos,0,2.5,0,0
2026-01-27 06:26:06,Papa,0,3.7,0,0
2026-01-27 06:26:06,Wiseguy,0,4.8,0,0
2026-01-27 06:26:06,WePizza,0,4.2,0,0
2026-01-27 07:00:20,District,0,4.7,0,0
2026-01-27 07:00:20,Dominos,0,2.5,0,0
2026-01-27 07:00:20,Papa,0,3.7,0,0
2026-01-27 07:00:20,Wiseguy,0,4.8,0,0
2026-01-27 07:00:20,WePizza,0,4.2,0,0
2026-01-27 07:57:42,District,0,4.7,0,0
2026-01-27 07:57:42,Dominos,0,2.5,0,0
2026-01-27 07:57:42,Papa,0,3.7,0,0
2026-01-27 07:57:42,Wiseguy,0,4.8,0,0
2026-01-27 07:57:42,WePizza,0,4.2,0,0
2026-01-27 08:00:17,District,0,4.7,0,0
2026-01-27 08:00:17,Dominos,0,2.5,0,0
2026-01-27 08:00:17,Papa,0,3.7,0,0
2026-01-27 08:00:17,Wiseguy,0,4.8,0,0
2026-01-27 08:00:17,WePizza,0,4.2,0,0
2026-01-27 08:53:03,District,0,4.7,0,0
2026-01-27 08:53:03,Dominos,0,2.5,0,0
2026-01-27 08:53:03,Papa,0,3.7,0,0
2026-01-27 08:53:03,Wiseguy,0,4.8,0,0
2026-01-27 08:53:03,WePizza,0,4.2,0,0
2026-01-27 09:00:17,District,0,4.7,0,0
2026-01-27 09:00:17,Dominos,0,2.5,0,0
2026-01-27 09:00:17,Papa,0,3.7,0,0
2026-01-27 09:00:17,Wiseguy,0,4.8,0,0
2026-01-27 09:00:17,WePizza,0,4.2,0,0
2026-01-27 09:34:13,District,0,4.7,0,0
2026-01-27 09:34:13,Dominos,0,2.5,0,0
2026-01-27 09:34:13,Papa,0,3.7,0,0
2026-01-27 09:34:13,Wiseguy,0,4.8,0,0
2026-01-27 09:34:13,WePizza,0,4.2,0,0
2026-01-27 10:00:20,District,0,4.7,0,0
2026-01-27 10:00:20,Dominos,18,2.5,36,-18
2026-01-27 10:00:20,Papa,0,3.7,26,-26
2026-01-27 10:00:20,Wiseguy,0,4.8,0,0
2026-01-27 10:00:20,WePizza,0,4.2,33,-33
2026-01-27 10:34:08,District,0,4.7,0,0
2026-01-27 10:34:08,Dominos,18,2.5,36,-18
2026-01-27 10:34:08,Papa,0,3.7,26,-26
2026-01-27 10:34:08,Wiseguy,0,4.8,0,0
2026-01-27 10:34:08,WePizza,0,4.2,33,-33
2026-01-27 11:00:19,District,0,4.7,40,-40
2026-01-27 11:00:19,Dominos,1,2.5,38,-37
2026-01-27 11:00:19,Papa,0,3.7,36,-36
2026-01-27 11:00:19,Wiseguy,0,4.8,41,-41
2026-01-27 11:00:19,WePizza,0,4.2,32,-32
2026-01-27 11:34:44,District,20,4.7,40,-20
2026-01-27 11:34:44,Dominos,1,2.5,38,-37
2026-01-27 11:34:44,Papa,0,3.7,36,-36
2026-01-27 11:34:44,Wiseguy,0,4.8,41,-41
2026-01-27 11:34:44,WePizza,0,4.2,32,-32
2026-01-27 12:00:38,District,2,4.7,45,-43
2026-01-27 12:00:38,Dominos,2,2.5,43,-41
2026-01-27 12:00:38,Papa,0,3.7,28,-28
2026-01-27 12:00:38,Wiseguy,0,4.8,49,-49
2026-01-27 12:00:38,WePizza,0,4.2,48,-48
2026-01-27 12:30:46,District,2,4.7,45,-43
2026-01-27 12:30:46,Dominos,2,2.5,43,-41
2026-01-27 12:30:46,Papa,100,3.7,28,72
2026-01-27 12:30:46,Wiseguy,0,4.8,49,-49
2026-01-27 12:30:46,WePizza,0,4.2,48,-48
2026-01-27 13:00:17,District,100,4.7,36,64
2026-01-27 13:00:17,Dominos,46,2.5,25,21
2026-01-27 13:00:17,Papa,100,3.7,23,77
2026-01-27 13:00:17,Wiseguy,0,4.8,56,-56
2026-01-27 13:00:17,WePizza,0,4.2,51,-51
2026-01-27 13:43:15,District,100,4.7,36,64
2026-01-27 13:43:15,Dominos,46,2.5,25,21
2026-01-27 13:43:15,Papa,100,3.7,23,77
2026-01-27 13:43:15,Wiseguy,9,4.8,56,-47
2026-01-27 13:43:15,WePizza,0,4.2,51,-51
2026-01-27 14:00:31,District,0,4.7,22,-22
2026-01-27 14:00:31,Dominos,100,2.5,27,73
2026-01-27 14:00:31,Papa,0,3.7,23,-23
2026-01-27 14:00:31,Wiseguy,0,4.8,35,-35
2026-01-27 14:00:31,WePizza,0,4.2,58,-58
2026-01-27 14:29:13,District,0,4.7,22,-22
2026-01-27 14:29:13,Dominos,100,2.5,27,73
2026-01-27 14:29:13,Papa,0,3.7,23,-23
2026-01-27 14:29:13,Wiseguy,74,4.8,35,39
2026-01-27 14:29:13,WePizza,0,4.2,58,-58
2026-01-27 15:00:17,District,0,4.7,18,-18
2026-01-27 15:00:17,Dominos,38,2.5,29,9
2026-01-27 15:00:17,Papa,0,3.7,31,-31
2026-01-27 15:00:17,Wiseguy,85,4.8,37,48
2026-01-27 15:00:17,WePizza,0,4.2,62,-62
2026-01-27 15:27:23,District,0,4.7,18,-18
2026-01-27 15:27:23,Dominos,38,2.5,29,9
2026-01-27 15:27:23,Papa,4,3.7,31,-27
2026-01-27 15:27:23,Wiseguy,49,4.8,37,12
2026-01-27 15:27:23,WePizza,0,4.2,62,-62
2026-01-27 16:00:17,District,0,4.7,36,-36
2026-01-27 16:00:17,Dominos,57,2.5,40,17
2026-01-27 16:00:17,Papa,12,3.7,55,-43
2026-01-27 16:00:17,Wiseguy,50,4.8,41,9
2026-01-27 16:00:17,WePizza,0,4.2,42,-42
2026-01-27 16:21:23,District,0,4.7,36,-36
2026-01-27 16:21:23,Dominos,42,2.5,40,2
2026-01-27 16:21:23,Papa,95,3.7,55,40
2026-01-27 16:21:23,Wiseguy,2,4.8,41,-39
2026-01-27 16:21:23,WePizza,0,4.2,42,-42
2026-01-27 17:00:16,District,0,4.7,45,-45
2026-01-27 17:00:16,Dominos,1,2.5,43,-42
2026-01-27 17:00:16,Papa,97,3.7,81,16
2026-01-27 17:00:16,Wiseguy,6,4.8,52,-46
2026-01-27 17:00:16,WePizza,0,4.2,42,-42
2026-01-27 17:26:02,District,0,4.7,45,-45
2026-01-27 17:26:02,Dominos,37,2.5,43,-6
2026-01-27 17:26:02,Papa,57,3.7,81,-24
2026-01-27 17:26:02,Wiseguy,6,4.8,52,-46
2026-01-27 17:26:02,WePizza,0,4.2,42,-42
2026-01-27 18:00:17,District,0,4.7,45,-45
2026-01-27 18:00:17,Dominos,0,2.5,40,-40
2026-01-27 18:00:17,Papa,44,3.7,81,-37
2026-01-27 18:00:17,Wiseguy,44,4.8,58,-14
2026-01-27 18:00:17,WePizza,0,4.2,39,-39
2026-01-27 18:26:06,District,0,4.7,45,-45
2026-01-27 18:26:06,Dominos,0,2.5,40,-40
2026-01-27 18:26:06,Papa,44,3.7,81,-37
2026-01-27 18:26:06,Wiseguy,20,4.8,58,-38
2026-01-27 18:26:06,WePizza,0,4.2,39,-39
2026-01-27 19:00:16,District,0,4.7,54,-54
2026-01-27 19:00:16,Dominos,10,2.5,61,-51
2026-01-27 19:00:16,Papa,0,3.7,57,-57
2026-01-27 19:00:16,Wiseguy,0,4.8,56,-56
2026-01-27 19:00:16,WePizza,0,4.2,50,-50
2026-01-27 20:00:14,District,0,4.7,68,-68
2026-01-27 20:00:14,Dominos,26,2.5,65,-39
2026-01-27 20:00:14,Papa,100,3.7,34,66
2026-01-27 20:00:14,Wiseguy,5,4.8,45,-40
2026-01-27 20:00:14,WePizza,0,4.2,58,-58
2026-01-27 21:00:59,District,0,4.7,68,-68
2026-01-27 21:00:59,Dominos,100,2.5,90,10
2026-01-27 21:00:59,Papa,0,3.7,28,-28
2026-01-27 21:00:59,Wiseguy,0,4.8,0,0
2026-01-27 21:00:59,WePizza,0,4.2,48,-48
2026-01-27 23:07:30,District,77,4.7,40,37
2026-01-27 23:07:30,Dominos,75,2.5,100,-25
2026-01-27 23:07:30,Papa,84,3.7,34,50
2026-01-27 23:07:30,Wiseguy,0,4.8,0,0
2026-01-27 23:07:30,WePizza,0,4.2,0,0
2026-01-28 00:31:18,District,0,4.7,0,0
2026-01-28 00:31:18,Dominos,0,2.5,0,0
2026-01-28 00:31:18,Papa,0,3.7,0,0
2026-01-28 00:31:18,Wiseguy,0,4.8,0,0
2026-01-28 00:31:18,WePizza,0,4.2,0,0
2026-01-28 01:40:58,District,0,4.7,0,0
2026-01-28 01:40:58,Dominos,0,2.5,0,0
2026-01-28 01:40:58,Papa,0,3.7,0,0
2026-01-28 01:40:58,Wiseguy,0,4.8,0,0
2026-01-28 01:40:58,WePizza,0,4.2,0,0
2026-01-28 02:00:17,District,0,4.7,0,0
2026-01-28 02:00:17,Dominos,0,2.5,0,0
2026-01-28 02:00:17,Papa,0,3.7,0,0
2026-01-28 02:00:17,Wiseguy,0,4.8,0,0
2026-01-28 02:00:17,WePizza,0,4.2,0,0
2026-01-28 02:29:13,District,0,4.7,0,0
2026-01-28 02:29:13,Dominos,0,2.5,0,0
2026-01-28 02:29:13,Papa,0,3.7,0,0
2026-01-28 02:29:13,Wiseguy,0,4.8,0,0
2026-01-28 02:29:13,WePizza,0,4.2,0,0
2026-01-28 03:00:18,District,0,4.7,0,0
2026-01-28 03:00:18,Dominos,0,2.5,0,0
2026-01-28 03:00:18,Papa,0,3.7,0,0
2026-01-28 03:00:18,Wiseguy,0,4.8,0,0
2026-01-28 03:00:18,WePizza,0,4.2,0,0
2026-01-28 03:37:29,District,0,4.7,0,0
2026-01-28 03:37:29,Dominos,0,2.5,0,0
2026-01-28 03:37:29,Papa,0,3.7,0,0
2026-01-28 03:37:29,Wiseguy,0,4.8,0,0
2026-01-28 03:37:29,WePizza,0,4.2,0,0
2026-01-28 04:00:18,District,0,4.7,0,0
2026-01-28 04:00:18,Dominos,0,2.5,0,0
2026-01-28 04:00:18,Papa,0,3.7,0,0
2026-01-28 04:00:18,Wiseguy,0,4.8,0,0
2026-01-28 04:00:18,WePizza,0,4.2,0,0
2026-01-28 04:37:36,District,0,4.7,0,0
2026-01-28 04:37:36,Dominos,0,2.5,0,0
2026-01-28 04:37:36,Papa,0,3.7,0,0
2026-01-28 04:37:36,Wiseguy,0,4.8,0,0
2026-01-28 04:37:36,WePizza,0,4.2,0,0
2026-01-28 05:00:19,District,0,4.7,0,0
2026-01-28 05:00:19,Dominos,0,2.5,0,0
2026-01-28 05:00:19,Papa,0,3.7,0,0
2026-01-28 05:00:19,Wiseguy,0,4.8,0,0
2026-01-28 05:00:19,WePizza,0,4.2,0,0
2026-01-28 05:32:41,District,0,4.7,0,0
2026-01-28 05:32:41,Dominos,0,2.5,0,0
2026-01-28 05:32:41,Papa,0,3.7,0,0
2026-01-28 05:32:41,Wiseguy,0,4.8,0,0
2026-01-28 05:32:41,WePizza,0,4.2,0,0
2026-01-28 06:00:21,District,0,4.7,0,0
2026-01-28 06:00:21,Dominos,0,2.5,0,0
2026-01-28 06:00:21,Papa,0,3.7,0,0
2026-01-28 06:00:21,Wiseguy,0,4.8,0,0
2026-01-28 06:00:21,WePizza,0,4.2,0,0
2026-01-28 06:25:59,District,0,4.7,0,0
2026-01-28 06:25:59,Dominos,0,2.5,0,0
2026-01-28 06:25:59,Papa,0,3.7,0,0
2026-01-28 06:25:59,Wiseguy,0,4.8,0,0
2026-01-28 06:25:59,WePizza,0,4.2,0,0
2026-01-28 07:00:18,District,0,4.7,0,0
2026-01-28 07:00:18,Dominos,0,2.5,0,0
2026-01-28 07:00:18,Papa,0,3.7,0,0
2026-01-28 07:00:18,Wiseguy,0,4.8,0,0
2026-01-28 07:00:18,WePizza,0,4.2,0,0
2026-01-28 07:57:48,District,0,4.7,0,0
2026-01-28 07:57:48,Dominos,0,2.5,0,0
2026-01-28 07:57:48,Papa,0,3.7,0,0
2026-01-28 07:57:48,Wiseguy,0,4.8,0,0
2026-01-28 07:57:48,WePizza,0,4.2,0,0
2026-01-28 08:00:18,District,0,4.7,0,0
2026-01-28 08:00:18,Dominos,0,2.5,0,0
2026-01-28 08:00:18,Papa,0,3.7,0,0
2026-01-28 08:00:18,Wiseguy,0,4.8,0,0
2026-01-28 08:00:18,WePizza,0,4.2,0,0
2026-01-28 08:53:31,District,0,4.7,0,0
2026-01-28 08:53:31,Dominos,0,2.5,0,0
2026-01-28 08:53:31,Papa,0,3.7,0,0
2026-01-28 08:53:31,Wiseguy,0,4.8,0,0
2026-01-28 08:53:31,WePizza,0,4.2,0,0
2026-01-28 09:00:17,District,0,4.7,0,0
2026-01-28 09:00:17,Dominos,0,2.5,0,0
2026-01-28 09:00:17,Papa,0,3.7,0,0
2026-01-28 09:00:17,Wiseguy,0,4.8,0,0
2026-01-28 09:00:17,WePizza,0,4.2,0,0
2026-01-28 09:34:48,District,0,4.7,0,0
2026-01-28 09:34:48,Dominos,0,2.5,0,0
2026-01-28 09:34:48,Papa,0,3.7,0,0
2026-01-28 09:34:48,Wiseguy,0,4.8,0,0
2026-01-28 09:34:48,WePizza,0,4.2,0,0
2026-01-28 10:00:20,District,0,4.7,0,0
2026-01-28 10:00:20,Dominos,11,2.5,22,-11
2026-01-28 10:00:20,Papa,0,3.7,31,-31
2026-01-28 10:00:20,Wiseguy,0,4.8,0,0
2026-01-28 10:00:20,WePizza,0,4.2,25,-25
2026-01-28 10:36:49,District,0,4.7,0,0
2026-01-28 10:36:49,Dominos,11,2.5,22,-11
2026-01-28 10:36:49,Papa,0,3.7,31,-31
2026-01-28 10:36:49,Wiseguy,0,4.8,0,0
2026-01-28 10:36:49,WePizza,0,4.2,25,-25
2026-01-28 11:00:17,District,100,4.7,22,78
2026-01-28 11:00:17,Dominos,0,2.5,20,-20
2026-01-28 11:00:17,Papa,0,3.7,36,-36
2026-01-28 11:00:17,Wiseguy,0,4.8,39,-39
2026-01-28 11:00:17,WePizza,0,4.2,37,-37
2026-01-28 11:41:39,District,11,4.7,22,-11
2026-01-28 11:41:39,Dominos,0,2.5,20,-20
2026-01-28 11:41:39,Papa,55,3.7,36,19
2026-01-28 11:41:39,Wiseguy,20,4.8,39,-19
2026-01-28 11:41:39,WePizza,0,4.2,37,-37
2026-01-28 12:00:19,District,7,4.7,36,-29
2026-01-28 12:00:19,Dominos,0,2.5,22,-22
2026-01-28 12:00:19,Papa,48,3.7,28,20
2026-01-28 12:00:19,Wiseguy,4,4.8,47,-43
2026-01-28 12:00:19,WePizza,0,4.2,42,-42
2026-01-28 12:34:58,District,54,4.7,36,18
2026-01-28 12:34:58,Dominos,100,2.5,22,78
2026-01-28 12:34:58,Papa,100,3.7,28,72
2026-01-28 12:34:58,Wiseguy,4,4.8,47,-43
2026-01-28 12:34:58,WePizza,0,4.2,42,-42
2026-01-28 13:00:17,District,45,4.7,31,14
2026-01-28 13:00:17,Dominos,100,2.5,29,71
2026-01-28 13:00:17,Papa,100,3.7,26,74
2026-01-28 13:00:17,Wiseguy,0,4.8,45,-45
2026-01-28 13:00:17,WePizza,0,4.2,46,-46
2026-01-28 13:41:43,District,100,4.7,31,69
2026-01-28 13:41:43,Dominos,100,2.5,29,71
2026-01-28 13:41:43,Papa,99,3.7,26,73
2026-01-28 13:41:43,Wiseguy,0,4.8,45,-45
2026-01-28 13:41:43,WePizza,0,4.2,46,-46
2026-01-28 14:00:20,District,100,4.7,18,82
2026-01-28 14:00:20,Dominos,7,2.5,43,-36
2026-01-28 14:00:20,Papa,99,3.7,23,76
2026-01-28 14:00:20,Wiseguy,38,4.8,49,-11
2026-01-28 14:00:20,WePizza,0,4.2,46,-46
2026-01-28 14:32:34,District,100,4.7,18,82
2026-01-28 14:32:34,Dominos,7,2.5,43,-36
2026-01-28 14:32:34,Papa,35,3.7,23,12
2026-01-28 14:32:34,Wiseguy,60,4.8,49,11
2026-01-28 14:32:34,WePizza,0,4.2,46,-46
2026-01-28 15:00:17,District,100,4.7,18,82
2026-01-28 15:00:17,Dominos,0,2.5,61,-61
2026-01-28 15:00:17,Papa,37,3.7,26,11
2026-01-28 15:00:17,Wiseguy,5,4.8,47,-42
2026-01-28 15:00:17,WePizza,0,4.2,48,-48
2026-01-28 15:35:43,District,100,4.7,18,82
2026-01-28 15:35:43,Dominos,56,2.5,61,-5
2026-01-28 15:35:43,Papa,37,3.7,26,11
2026-01-28 15:35:43,Wiseguy,13,4.8,47,-34
2026-01-28 15:35:43,WePizza,0,4.2,48,-48
2026-01-28 16:00:15,District,9,4.7,36,-27
2026-01-28 16:00:15,Dominos,55,2.5,77,-22
2026-01-28 16:00:15,Papa,0,3.7,26,-26
2026-01-28 16:00:15,Wiseguy,5,4.8,56,-51
2026-01-28 16:00:15,WePizza,0,4.2,55,-55
2026-01-28 16:32:46,District,9,4.7,36,-27
2026-01-28 16:32:46,Dominos,47,2.5,77,-30
2026-01-28 16:32:46,Papa,0,3.7,26,-26
2026-01-28 16:32:46,Wiseguy,43,4.8,56,-13
2026-01-28 16:32:46,WePizza,0,4.2,55,-55
2026-01-28 17:00:19,District,0,4.7,40,-40
2026-01-28 17:00:19,Dominos,0,2.5,68,-68
2026-01-28 17:00:19,Papa,0,3.7,26,-26
2026-01-28 17:00:19,Wiseguy,22,4.8,62,-40
2026-01-28 17:00:19,WePizza,0,4.2,50,-50
2026-01-28 17:30:35,District,0,4.7,40,-40
2026-01-28 17:30:35,Dominos,100,2.5,68,32
2026-01-28 17:30:35,Papa,0,3.7,26,-26
2026-01-28 17:30:35,Wiseguy,54,4.8,62,-8
2026-01-28 17:30:35,WePizza,0,4.2,50,-50
2026-01-28 18:00:18,District,0,4.7,50,-50
2026-01-28 18:00:18,Dominos,100,2.5,56,44
2026-01-28 18:00:18,Papa,5,3.7,36,-31
2026-01-28 18:00:18,Wiseguy,100,4.8,68,32
2026-01-28 18:00:18,WePizza,0,4.2,33,-33
2026-01-28 18:29:12,District,0,4.7,50,-50
2026-01-28 18:29:12,Dominos,100,2.5,56,44
2026-01-28 18:29:12,Papa,100,3.7,36,64
2026-01-28 18:29:12,Wiseguy,100,4.8,68,32
2026-01-28 18:29:12,WePizza,0,4.2,33,-33
2026-01-28 19:00:18,District,0,4.7,54,-54
2026-01-28 19:00:18,Dominos,100,2.5,38,62
2026-01-28 19:00:18,Papa,100,3.7,39,61
2026-01-28 19:00:18,Wiseguy,45,4.8,50,-5
2026-01-28 19:00:18,WePizza,0,4.2,32,-32
2026-01-28 21:22:59,District,0,4.7,72,-72
2026-01-28 21:22:59,Dominos,2,2.5,45,-43
2026-01-28 21:22:59,Papa,92,3.7,34,58
2026-01-28 21:22:59,Wiseguy,0,4.8,0,0
2026-01-28 21:22:59,WePizza,0,4.2,30,-30
2026-01-28 23:40:25,District,0,4.7,63,-63
2026-01-28 23:40:25,Dominos,100,2.5,52,48
2026-01-28 23:40:25,Papa,100,3.7,42,58
2026-01-28 23:40:25,Wiseguy,0,4.8,0,0
2026-01-28 23:40:25,WePizza,0,4.2,0,0
2026-01-29 00:47:40,District,0,4.7,0,0
2026-01-29 00:47:40,Dominos,0,2.5,0,0
2026-01-29 00:47:40,Papa,0,3.7,0,0
2026-01-29 00:47:40,Wiseguy,0,4.8,0,0
2026-01-29 00:47:40,WePizza,0,4.2,0,0
2026-01-29 01:00:19,District,0,4.7,0,0
2026-01-29 01:00:19,Dominos,0,2.5,0,0
2026-01-29 01:00:19,Papa,0,3.7,0,0
2026-01-29 01:00:19,Wiseguy,0,4.8,0,0
2026-01-29 01:00:19,WePizza,0,4.2,0,0
2026-01-29 01:53:22,District,0,4.7,0,0
2026-01-29 01:53:22,Dominos,0,2.5,0,0
2026-01-29 01:53:22,Papa,0,3.7,0,0
2026-01-29 01:53:22,Wiseguy,0,4.8,0,0
2026-01-29 01:53:22,WePizza,0,4.2,0,0
2026-01-29 02:00:15,District,0,4.7,0,0
2026-01-29 02:00:15,Dominos,0,2.5,0,0
2026-01-29 02:00:15,Papa,0,3.7,0,0
2026-01-29 02:00:15,Wiseguy,0,4.8,0,0
2026-01-29 02:00:15,WePizza,0,4.2,0,0
2026-01-29 02:41:49,District,0,4.7,0,0
2026-01-29 02:41:49,Dominos,0,2.5,0,0
2026-01-29 02:41:49,Papa,0,3.7,0,0
2026-01-29 02:41:49,Wiseguy,0,4.8,0,0
2026-01-29 02:41:49,WePizza,0,4.2,0,0
2026-01-29 03:00:16,District,0,4.7,0,0
2026-01-29 03:00:16,Dominos,0,2.5,0,0
2026-01-29 03:00:16,Papa,0,3.7,0,0
2026-01-29 03:00:16,Wiseguy,0,4.8,0,0
2026-01-29 03:00:16,WePizza,0,4.2,0,0
2026-01-29 03:44:29,District,0,4.7,0,0
2026-01-29 03:44:29,Dominos,0,2.5,0,0
2026-01-29 03:44:29,Papa,0,3.7,0,0
2026-01-29 03:44:29,Wiseguy,0,4.8,0,0
2026-01-29 03:44:29,WePizza,0,4.2,0,0
2026-01-29 04:00:15,District,0,4.7,0,0
2026-01-29 04:00:15,Dominos,0,2.5,0,0
2026-01-29 04:00:15,Papa,0,3.7,0,0
2026-01-29 04:00:15,Wiseguy,0,4.8,0,0
2026-01-29 04:00:15,WePizza,0,4.2,0,0
2026-01-29 04:49:20,District,0,4.7,0,0
2026-01-29 04:49:20,Dominos,0,2.5,0,0
2026-01-29 04:49:20,Papa,0,3.7,0,0
2026-01-29 04:49:20,Wiseguy,0,4.8,0,0
2026-01-29 04:49:20,WePizza,0,4.2,0,0
2026-01-29 05:00:15,District,0,4.7,0,0
2026-01-29 05:00:15,Dominos,0,2.5,0,0
2026-01-29 05:00:15,Papa,0,3.7,0,0
2026-01-29 05:00:15,Wiseguy,0,4.8,0,0
2026-01-29 05:00:15,WePizza,0,4.2,0,0
2026-01-29 05:40:16,District,0,4.7,0,0
2026-01-29 05:40:16,Dominos,0,2.5,0,0
2026-01-29 05:40:16,Papa,0,3.7,0,0
2026-01-29 05:40:16,Wiseguy,0,4.8,0,0
2026-01-29 05:40:16,WePizza,0,4.2,0,0
